job,link
technicien/ne de fabrication de mobilier et de menuiserie,http://www.onisep.fr/http/redirection/metier/identifiant/10002
agenceur/euse de cuisines et salles de bains,http://www.onisep.fr/http/redirection/metier/identifiant/10003
chef/fe de fabrication des industries graphiques,http://www.onisep.fr/http/redirection/metier/identifiant/10005
conducteur/trice de machines à imprimer ,http://www.onisep.fr/http/redirection/metier/identifiant/10007
opérateur/trice prépresse,http://www.onisep.fr/http/redirection/metier/identifiant/10008
sérigraphe,http://www.onisep.fr/http/redirection/metier/identifiant/10009
conducteur/trice de travaux,http://www.onisep.fr/http/redirection/metier/identifiant/10011
architecte,http://www.onisep.fr/http/redirection/metier/identifiant/10012
urbaniste,http://www.onisep.fr/http/redirection/metier/identifiant/10013
géomètre-topographe,http://www.onisep.fr/http/redirection/metier/identifiant/10014
économiste de la construction,http://www.onisep.fr/http/redirection/metier/identifiant/10015
conducteur/trice d'engins de travaux publics,http://www.onisep.fr/http/redirection/metier/identifiant/10016
maçon/ne,http://www.onisep.fr/http/redirection/metier/identifiant/10018
coffreur/euse-boiseur/euse,http://www.onisep.fr/http/redirection/metier/identifiant/10019
charpentier/ère bois,http://www.onisep.fr/http/redirection/metier/identifiant/10020
tailleur/euse de pierre,http://www.onisep.fr/http/redirection/metier/identifiant/10021
couvreur/euse,http://www.onisep.fr/http/redirection/metier/identifiant/10022
monteur/euse en installations thermiques et climatiques,http://www.onisep.fr/http/redirection/metier/identifiant/10023
conseiller/ère agricole,http://www.onisep.fr/http/redirection/metier/identifiant/10024
technicien/ne de maintenance en génie climatique,http://www.onisep.fr/http/redirection/metier/identifiant/10025
plombier/ère,http://www.onisep.fr/http/redirection/metier/identifiant/10027
menuisier/ère,http://www.onisep.fr/http/redirection/metier/identifiant/10029
serrurier/ère-métallier/ère,http://www.onisep.fr/http/redirection/metier/identifiant/10030
plâtrier/ère,http://www.onisep.fr/http/redirection/metier/identifiant/10031
carreleur/euse-mosaïste,http://www.onisep.fr/http/redirection/metier/identifiant/10032
solier/ère-moquettiste,http://www.onisep.fr/http/redirection/metier/identifiant/10033
peintre en bâtiment,http://www.onisep.fr/http/redirection/metier/identifiant/10034
chargé/e d'études économiques,http://www.onisep.fr/http/redirection/metier/identifiant/10036
contrôleur/euse de gestion,http://www.onisep.fr/http/redirection/metier/identifiant/10040
expert/e-comptable,http://www.onisep.fr/http/redirection/metier/identifiant/10041
comptable,http://www.onisep.fr/http/redirection/metier/identifiant/10042
secrétaire,http://www.onisep.fr/http/redirection/metier/identifiant/10045
responsable des ressources humaines,http://www.onisep.fr/http/redirection/metier/identifiant/10047
responsable du recrutement,http://www.onisep.fr/http/redirection/metier/identifiant/10048
développeur/euse informatique,http://www.onisep.fr/http/redirection/metier/identifiant/10053
ingénieur/e système,http://www.onisep.fr/http/redirection/metier/identifiant/10055
administrateur/trice de base de données,http://www.onisep.fr/http/redirection/metier/identifiant/10056
technicien/ne de maintenance en informatique,http://www.onisep.fr/http/redirection/metier/identifiant/10057
responsable micro,http://www.onisep.fr/http/redirection/metier/identifiant/10060
chef/fe de produit marketing,http://www.onisep.fr/http/redirection/metier/identifiant/10061
chargé/e d'études en marketing,http://www.onisep.fr/http/redirection/metier/identifiant/10062
responsable de la promotion des ventes,http://www.onisep.fr/http/redirection/metier/identifiant/10063
marchandiseur/euse,http://www.onisep.fr/http/redirection/metier/identifiant/10064
chef/fe des ventes,http://www.onisep.fr/http/redirection/metier/identifiant/10065
ingénieur/e technico-commercial/e,http://www.onisep.fr/http/redirection/metier/identifiant/10066
attaché/e commercial/e,http://www.onisep.fr/http/redirection/metier/identifiant/10067
acheteur/euse,http://www.onisep.fr/http/redirection/metier/identifiant/10068
directeur/trice de magasin à grande surface,http://www.onisep.fr/http/redirection/metier/identifiant/10069
caissier/ère,http://www.onisep.fr/http/redirection/metier/identifiant/10070
vendeur/euse en magasin,http://www.onisep.fr/http/redirection/metier/identifiant/10071
responsable du service après-vente,http://www.onisep.fr/http/redirection/metier/identifiant/10072
commerçant/e en alimentation,http://www.onisep.fr/http/redirection/metier/identifiant/10073
boulanger/ère,http://www.onisep.fr/http/redirection/metier/identifiant/10074
pâtissier/ère,http://www.onisep.fr/http/redirection/metier/identifiant/10075
boucher/ère,http://www.onisep.fr/http/redirection/metier/identifiant/10076
charcutier/ère-traiteur/euse,http://www.onisep.fr/http/redirection/metier/identifiant/10077
fleuriste,http://www.onisep.fr/http/redirection/metier/identifiant/10079
libraire,http://www.onisep.fr/http/redirection/metier/identifiant/10080
agent/e immobilier/ère,http://www.onisep.fr/http/redirection/metier/identifiant/10081
administrateur/trice de biens,http://www.onisep.fr/http/redirection/metier/identifiant/10082
syndic de copropriété,http://www.onisep.fr/http/redirection/metier/identifiant/10083
actuaire,http://www.onisep.fr/http/redirection/metier/identifiant/10084
gestionnaire de contrats d'assurance,http://www.onisep.fr/http/redirection/metier/identifiant/10087
agent/e général/e d'assurances ,http://www.onisep.fr/http/redirection/metier/identifiant/10088
guichetier/ère,http://www.onisep.fr/http/redirection/metier/identifiant/10089
gérant/e de portefeuille,http://www.onisep.fr/http/redirection/metier/identifiant/10090
directeur/trice d'agence bancaire,http://www.onisep.fr/http/redirection/metier/identifiant/10091
analyste de crédit,http://www.onisep.fr/http/redirection/metier/identifiant/10093
chargé/e de clientèle banque,http://www.onisep.fr/http/redirection/metier/identifiant/10094
analyste financier/ère,http://www.onisep.fr/http/redirection/metier/identifiant/10096
trader,http://www.onisep.fr/http/redirection/metier/identifiant/10097
responsable du back-office,http://www.onisep.fr/http/redirection/metier/identifiant/10098
agent/e de transit,http://www.onisep.fr/http/redirection/metier/identifiant/10111
déclarant/e en douane,http://www.onisep.fr/http/redirection/metier/identifiant/10112
consignataire de navire,http://www.onisep.fr/http/redirection/metier/identifiant/10113
conducteur/trice routier/ère,http://www.onisep.fr/http/redirection/metier/identifiant/10114
déménageur/euse,http://www.onisep.fr/http/redirection/metier/identifiant/10115
chauffeur/euse de taxi,http://www.onisep.fr/http/redirection/metier/identifiant/10116
conducteur/trice de train / TGV,http://www.onisep.fr/http/redirection/metier/identifiant/10117
enseignant/e de la conduite automobile et de la sécurité routière,http://www.onisep.fr/http/redirection/metier/identifiant/10118
inspecteur/trice du permis de conduire et de la sécurité routière,http://www.onisep.fr/http/redirection/metier/identifiant/10119
lad-jockey, lad-driver,http://www.onisep.fr/http/redirection/metier/identifiant/10120
palefrenier/ère,http://www.onisep.fr/http/redirection/metier/identifiant/10121
technicien/ne forestier/ère,http://www.onisep.fr/http/redirection/metier/identifiant/10123
ingénieur/e forestier/ère,http://www.onisep.fr/http/redirection/metier/identifiant/10124
horticulteur/trice,http://www.onisep.fr/http/redirection/metier/identifiant/10125
paysagiste,http://www.onisep.fr/http/redirection/metier/identifiant/10126
conducteur/trice de machines agricoles,http://www.onisep.fr/http/redirection/metier/identifiant/10127
agriculteur/trice,http://www.onisep.fr/http/redirection/metier/identifiant/10128
pilote de ligne,http://www.onisep.fr/http/redirection/metier/identifiant/10129
hôtesse de l'air (steward),http://www.onisep.fr/http/redirection/metier/identifiant/10130
contrôleur/euse aérien/ne,http://www.onisep.fr/http/redirection/metier/identifiant/10132
officier/ère de la marine marchande,http://www.onisep.fr/http/redirection/metier/identifiant/10133
logisticien/ne,http://www.onisep.fr/http/redirection/metier/identifiant/10135
magasinier/ère cariste,http://www.onisep.fr/http/redirection/metier/identifiant/10137
chef/fe de produit touristique,http://www.onisep.fr/http/redirection/metier/identifiant/10140
accompagnateur/trice de voyages,http://www.onisep.fr/http/redirection/metier/identifiant/10143
directeur/trice d'hôtel,http://www.onisep.fr/http/redirection/metier/identifiant/10145
réceptionniste,http://www.onisep.fr/http/redirection/metier/identifiant/10146
gouvernante,http://www.onisep.fr/http/redirection/metier/identifiant/10148
valet / femme de chambre,http://www.onisep.fr/http/redirection/metier/identifiant/10149
directeur/trice de restaurant,http://www.onisep.fr/http/redirection/metier/identifiant/10151
cuisinier/ère,http://www.onisep.fr/http/redirection/metier/identifiant/10153
gérant/e de restauration collective,http://www.onisep.fr/http/redirection/metier/identifiant/10156
maître/esse d'hôtel,http://www.onisep.fr/http/redirection/metier/identifiant/10157
employé/e de restaurant,http://www.onisep.fr/http/redirection/metier/identifiant/10158
sommelier/ère,http://www.onisep.fr/http/redirection/metier/identifiant/10159
garçon de café,http://www.onisep.fr/http/redirection/metier/identifiant/10160
barman (barmaid),http://www.onisep.fr/http/redirection/metier/identifiant/10161
restaurateur/trice d'oeuvres d'art,http://www.onisep.fr/http/redirection/metier/identifiant/10162
antiquaire,http://www.onisep.fr/http/redirection/metier/identifiant/10163
graphiste,http://www.onisep.fr/http/redirection/metier/identifiant/10164
maquettiste,http://www.onisep.fr/http/redirection/metier/identifiant/10166
architecte d'intérieur,http://www.onisep.fr/http/redirection/metier/identifiant/10167
designer/euse industriel/le,http://www.onisep.fr/http/redirection/metier/identifiant/10168
bijoutier/ère-joaillier/ère,http://www.onisep.fr/http/redirection/metier/identifiant/10169
facteur/trice d'instruments,http://www.onisep.fr/http/redirection/metier/identifiant/10170
comédien/ne,http://www.onisep.fr/http/redirection/metier/identifiant/10171
décorateur/trice scénographe,http://www.onisep.fr/http/redirection/metier/identifiant/10172
musicien/ne,http://www.onisep.fr/http/redirection/metier/identifiant/10173
chanteur/euse,http://www.onisep.fr/http/redirection/metier/identifiant/10174
scénariste,http://www.onisep.fr/http/redirection/metier/identifiant/10175
assistant/e réalisateur/trice,http://www.onisep.fr/http/redirection/metier/identifiant/10176
chef/fe monteur/euse,http://www.onisep.fr/http/redirection/metier/identifiant/10177
cadreur/euse,http://www.onisep.fr/http/redirection/metier/identifiant/10178
ingénieur/e du son,http://www.onisep.fr/http/redirection/metier/identifiant/10179
projectionniste,http://www.onisep.fr/http/redirection/metier/identifiant/10180
directeur/trice de la photographie,http://www.onisep.fr/http/redirection/metier/identifiant/10181
photographe,http://www.onisep.fr/http/redirection/metier/identifiant/10182
directeur/trice artistique,http://www.onisep.fr/http/redirection/metier/identifiant/10183
concepteur/trice-rédacteur/trice,http://www.onisep.fr/http/redirection/metier/identifiant/10184
chef/fe de publicité,http://www.onisep.fr/http/redirection/metier/identifiant/10185
chargé/e d'études média,http://www.onisep.fr/http/redirection/metier/identifiant/10186
acheteur/euse d'espaces publicitaires,http://www.onisep.fr/http/redirection/metier/identifiant/10187
archiviste,http://www.onisep.fr/http/redirection/metier/identifiant/10188
bibliothécaire,http://www.onisep.fr/http/redirection/metier/identifiant/10189
documentaliste,http://www.onisep.fr/http/redirection/metier/identifiant/10190
attaché/e de presse,http://www.onisep.fr/http/redirection/metier/identifiant/10192
hôte/esse d'accueil,http://www.onisep.fr/http/redirection/metier/identifiant/10193
concepteur/trice multimédia,http://www.onisep.fr/http/redirection/metier/identifiant/10194
webmestre,http://www.onisep.fr/http/redirection/metier/identifiant/10195
rédacteur/trice en chef,http://www.onisep.fr/http/redirection/metier/identifiant/10196
journaliste,http://www.onisep.fr/http/redirection/metier/identifiant/10197
journaliste reporter d'images ,http://www.onisep.fr/http/redirection/metier/identifiant/10198
reporter/trice-photographe,http://www.onisep.fr/http/redirection/metier/identifiant/10199
secrétaire de rédaction,http://www.onisep.fr/http/redirection/metier/identifiant/10200
éditeur/trice,http://www.onisep.fr/http/redirection/metier/identifiant/10201
enseignant/e-chercheur/euse,http://www.onisep.fr/http/redirection/metier/identifiant/10204
professeur/e de collège et de lycée,http://www.onisep.fr/http/redirection/metier/identifiant/10205
professeur/e dans l'enseignement agricole,http://www.onisep.fr/http/redirection/metier/identifiant/10206
enseignant/e d'art,http://www.onisep.fr/http/redirection/metier/identifiant/10207
professeur/e de musique et de danse,http://www.onisep.fr/http/redirection/metier/identifiant/10208
professeur/e d'éducation physique et sportive,http://www.onisep.fr/http/redirection/metier/identifiant/10209
professeur/e des écoles ,http://www.onisep.fr/http/redirection/metier/identifiant/10210
formateur/trice d'adultes,http://www.onisep.fr/http/redirection/metier/identifiant/10211
responsable de formation,http://www.onisep.fr/http/redirection/metier/identifiant/10212
enseignant/e spécialisé/e,http://www.onisep.fr/http/redirection/metier/identifiant/10213
conseiller/ère principal/e d'éducation,http://www.onisep.fr/http/redirection/metier/identifiant/10214
conseiller/ère d'orientation-psychologue,http://www.onisep.fr/http/redirection/metier/identifiant/10215
médecin généraliste,http://www.onisep.fr/http/redirection/metier/identifiant/10216
médecin spécialiste,http://www.onisep.fr/http/redirection/metier/identifiant/10217
chirurgien/ne-dentiste,http://www.onisep.fr/http/redirection/metier/identifiant/10218
pharmacien/ne,http://www.onisep.fr/http/redirection/metier/identifiant/10219
pharmacien/ne dans l'industrie,http://www.onisep.fr/http/redirection/metier/identifiant/10220
sage-femme ,http://www.onisep.fr/http/redirection/metier/identifiant/10221
préparateur/trice en pharmacie,http://www.onisep.fr/http/redirection/metier/identifiant/10222
infirmier/ère,http://www.onisep.fr/http/redirection/metier/identifiant/10223
aide-soignant/e,http://www.onisep.fr/http/redirection/metier/identifiant/10224
puériculteur/trice,http://www.onisep.fr/http/redirection/metier/identifiant/10225
auxiliaire de puériculture,http://www.onisep.fr/http/redirection/metier/identifiant/10226
pédicure-podologue,http://www.onisep.fr/http/redirection/metier/identifiant/10227
diététicien/ne,http://www.onisep.fr/http/redirection/metier/identifiant/10228
masseur/euse-kinésithérapeute,http://www.onisep.fr/http/redirection/metier/identifiant/10229
ergothérapeute,http://www.onisep.fr/http/redirection/metier/identifiant/10230
psychomotricien/ne,http://www.onisep.fr/http/redirection/metier/identifiant/10231
orthophoniste,http://www.onisep.fr/http/redirection/metier/identifiant/10232
orthoptiste,http://www.onisep.fr/http/redirection/metier/identifiant/10233
manipulateur/trice en électroradiologie médicale,http://www.onisep.fr/http/redirection/metier/identifiant/10234
technicien/ne d'analyses biomédicales,http://www.onisep.fr/http/redirection/metier/identifiant/10235
ambulancier/ère,http://www.onisep.fr/http/redirection/metier/identifiant/10236
visiteur/euse médical/e,http://www.onisep.fr/http/redirection/metier/identifiant/10237
opticien/ne-lunetier/ère,http://www.onisep.fr/http/redirection/metier/identifiant/10238
audioprothésiste,http://www.onisep.fr/http/redirection/metier/identifiant/10239
orthoprothésiste,http://www.onisep.fr/http/redirection/metier/identifiant/10240
podo-orthésiste,http://www.onisep.fr/http/redirection/metier/identifiant/10241
prothésiste dentaire,http://www.onisep.fr/http/redirection/metier/identifiant/10242
vétérinaire,http://www.onisep.fr/http/redirection/metier/identifiant/10243
coiffeur/euse,http://www.onisep.fr/http/redirection/metier/identifiant/10244
esthéticien/ne-cosméticien/ne,http://www.onisep.fr/http/redirection/metier/identifiant/10245
assistant/e de service social,http://www.onisep.fr/http/redirection/metier/identifiant/10246
conseiller/ère en économie sociale et familiale,http://www.onisep.fr/http/redirection/metier/identifiant/10247
technicien/ne de l'intervention sociale et familiale,http://www.onisep.fr/http/redirection/metier/identifiant/10248
éducateur/trice spécialisé/e,http://www.onisep.fr/http/redirection/metier/identifiant/10249
moniteur/trice-éducateur/trice,http://www.onisep.fr/http/redirection/metier/identifiant/10250
éducateur/trice de jeunes enfants,http://www.onisep.fr/http/redirection/metier/identifiant/10251
aide médico-psychologique,http://www.onisep.fr/http/redirection/metier/identifiant/10252
animateur/trice socioculturel/le,http://www.onisep.fr/http/redirection/metier/identifiant/10253
éducateur/trice sportif/ve,http://www.onisep.fr/http/redirection/metier/identifiant/10254
guide de haute montagne,http://www.onisep.fr/http/redirection/metier/identifiant/10255
moniteur/trice de ski,http://www.onisep.fr/http/redirection/metier/identifiant/10256
accompagnateur/trice de moyenne montagne,http://www.onisep.fr/http/redirection/metier/identifiant/10257
accompagnateur/trice de tourisme équestre,http://www.onisep.fr/http/redirection/metier/identifiant/10258
maître nageur sauveteur/euse,http://www.onisep.fr/http/redirection/metier/identifiant/10259
chargé/e hygiène sécurité environnement (HSE),http://www.onisep.fr/http/redirection/metier/identifiant/10262
sapeur-pompier,http://www.onisep.fr/http/redirection/metier/identifiant/10263
commissaire de police,http://www.onisep.fr/http/redirection/metier/identifiant/10264
officier/ère de police,http://www.onisep.fr/http/redirection/metier/identifiant/10265
gardien/ne de la paix,http://www.onisep.fr/http/redirection/metier/identifiant/10266
gendarme,http://www.onisep.fr/http/redirection/metier/identifiant/10267
teinturier/ère et blanchisseur/euse,http://www.onisep.fr/http/redirection/metier/identifiant/10268
officier/ère de l'armée de l'air,http://www.onisep.fr/http/redirection/metier/identifiant/10271
sous-officier/ère de l'armée de l'air,http://www.onisep.fr/http/redirection/metier/identifiant/10272
officier/ère marinier/ère,http://www.onisep.fr/http/redirection/metier/identifiant/10273
officier/ère de marine,http://www.onisep.fr/http/redirection/metier/identifiant/10274
officier/ère de l'armée de terre,http://www.onisep.fr/http/redirection/metier/identifiant/10275
sous-officier/ère de l'armée de terre,http://www.onisep.fr/http/redirection/metier/identifiant/10276
zoologiste,http://www.onisep.fr/http/redirection/metier/identifiant/10279
botaniste,http://www.onisep.fr/http/redirection/metier/identifiant/10280
technicien/ne biologiste,http://www.onisep.fr/http/redirection/metier/identifiant/10281
géologue,http://www.onisep.fr/http/redirection/metier/identifiant/10283
cartographe,http://www.onisep.fr/http/redirection/metier/identifiant/10284
géophysicien/ne,http://www.onisep.fr/http/redirection/metier/identifiant/10285
météorologiste,http://www.onisep.fr/http/redirection/metier/identifiant/10286
océanologue,http://www.onisep.fr/http/redirection/metier/identifiant/10287
ingénieur/e opticien/ne,http://www.onisep.fr/http/redirection/metier/identifiant/10288
technicien/ne en optique de précision,http://www.onisep.fr/http/redirection/metier/identifiant/10289
ethnologue,http://www.onisep.fr/http/redirection/metier/identifiant/10290
archéologue,http://www.onisep.fr/http/redirection/metier/identifiant/10291
géographe,http://www.onisep.fr/http/redirection/metier/identifiant/10292
sportif/ve de haut niveau,http://www.onisep.fr/http/redirection/metier/identifiant/10293
ergonome,http://www.onisep.fr/http/redirection/metier/identifiant/10295
sociologue,http://www.onisep.fr/http/redirection/metier/identifiant/10296
psychanalyste,http://www.onisep.fr/http/redirection/metier/identifiant/10297
démographe,http://www.onisep.fr/http/redirection/metier/identifiant/10298
psychologue,http://www.onisep.fr/http/redirection/metier/identifiant/10300
traducteur/trice-interprète,http://www.onisep.fr/http/redirection/metier/identifiant/10301
huissier/ère de justice,http://www.onisep.fr/http/redirection/metier/identifiant/10303
notaire,http://www.onisep.fr/http/redirection/metier/identifiant/10304
collaborateur/trice de notaire,http://www.onisep.fr/http/redirection/metier/identifiant/10305
greffier/ère,http://www.onisep.fr/http/redirection/metier/identifiant/10306
commissaire-priseur/euse,http://www.onisep.fr/http/redirection/metier/identifiant/10307
avocat/e,http://www.onisep.fr/http/redirection/metier/identifiant/10308
magistrat/e,http://www.onisep.fr/http/redirection/metier/identifiant/10309
toiletteur/euse d'animaux,http://www.onisep.fr/http/redirection/metier/identifiant/10313
conseiller/ère en environnement,http://www.onisep.fr/http/redirection/metier/identifiant/10314
matelot à la pêche,http://www.onisep.fr/http/redirection/metier/identifiant/10317
responsable d'ordonnancement,http://www.onisep.fr/http/redirection/metier/identifiant/10320
qualiticien/ne,http://www.onisep.fr/http/redirection/metier/identifiant/10321
technicien/ne d'exploitation du réseau gaz,http://www.onisep.fr/http/redirection/metier/identifiant/10323
technicien/ne thermicien/ne,http://www.onisep.fr/http/redirection/metier/identifiant/10324
mouleur/euse-noyauteur/euse,http://www.onisep.fr/http/redirection/metier/identifiant/10327
ingénieur/e plasturgiste,http://www.onisep.fr/http/redirection/metier/identifiant/10328
technicien/ne des industries du verre,http://www.onisep.fr/http/redirection/metier/identifiant/10330
souffleur/euse de verre ,http://www.onisep.fr/http/redirection/metier/identifiant/10331
verrier/ère au chalumeau,http://www.onisep.fr/http/redirection/metier/identifiant/10332
ingénieur/e chimiste,http://www.onisep.fr/http/redirection/metier/identifiant/10334
technicien/ne chimiste,http://www.onisep.fr/http/redirection/metier/identifiant/10335
ingénieur/e papetier/ère,http://www.onisep.fr/http/redirection/metier/identifiant/10338
conducteur/trice de machines à papier ,http://www.onisep.fr/http/redirection/metier/identifiant/10339
ingénieur/e recherche et développement en agroalimentaire,http://www.onisep.fr/http/redirection/metier/identifiant/10340
technico-commercial/e en agroalimentaire,http://www.onisep.fr/http/redirection/metier/identifiant/10342
responsable qualité en agroalimentaire,http://www.onisep.fr/http/redirection/metier/identifiant/10343
conducteur/trice de ligne de production alimentaire,http://www.onisep.fr/http/redirection/metier/identifiant/10344
opérateur/trice de fabrication de produits alimentaires,http://www.onisep.fr/http/redirection/metier/identifiant/10345
oenologue,http://www.onisep.fr/http/redirection/metier/identifiant/10346
caviste,http://www.onisep.fr/http/redirection/metier/identifiant/10347
ingénieur/e en mécanique,http://www.onisep.fr/http/redirection/metier/identifiant/10348
affûteur/euse,http://www.onisep.fr/http/redirection/metier/identifiant/10353
opérateur/trice sur machine à commande numérique,http://www.onisep.fr/http/redirection/metier/identifiant/10354
technicien/ne de forge,http://www.onisep.fr/http/redirection/metier/identifiant/10355
mécanicien/ne-outilleur/euse,http://www.onisep.fr/http/redirection/metier/identifiant/10358
soudeur/euse,http://www.onisep.fr/http/redirection/metier/identifiant/10359
mécanicien/ne-réparateur/trice en matériel agricole,http://www.onisep.fr/http/redirection/metier/identifiant/10360
technicien/ne automobile,http://www.onisep.fr/http/redirection/metier/identifiant/10361
carrossier/ère ,http://www.onisep.fr/http/redirection/metier/identifiant/10362
mécanicien/ne et technicien/ne moto,http://www.onisep.fr/http/redirection/metier/identifiant/10363
expert/e automobile,http://www.onisep.fr/http/redirection/metier/identifiant/10364
mécanicien/ne d'entretien d'avion,http://www.onisep.fr/http/redirection/metier/identifiant/10365
microtechnicien/ne,http://www.onisep.fr/http/redirection/metier/identifiant/10366
horloger/ère,http://www.onisep.fr/http/redirection/metier/identifiant/10367
technicien/ne électrotechnicien/ne ,http://www.onisep.fr/http/redirection/metier/identifiant/10368
chef/fe de chantier en installations électriques,http://www.onisep.fr/http/redirection/metier/identifiant/10369
dépanneur/euse en électroménager,http://www.onisep.fr/http/redirection/metier/identifiant/10372
électronicien/ne automobile,http://www.onisep.fr/http/redirection/metier/identifiant/10373
électromécanicien/ne ,http://www.onisep.fr/http/redirection/metier/identifiant/10374
monteur/euse en réseaux de distribution électrique,http://www.onisep.fr/http/redirection/metier/identifiant/10375
technicien/ne en lignes haute tension ,http://www.onisep.fr/http/redirection/metier/identifiant/10376
ingénieur/e électronicien/ne,http://www.onisep.fr/http/redirection/metier/identifiant/10377
technicien/ne électronicien/ne ,http://www.onisep.fr/http/redirection/metier/identifiant/10378
ingénieur/e télécoms et réseaux,http://www.onisep.fr/http/redirection/metier/identifiant/10380
architecte réseau,http://www.onisep.fr/http/redirection/metier/identifiant/10381
technicien/ne télécoms et réseaux,http://www.onisep.fr/http/redirection/metier/identifiant/10382
administrateur/trice de réseau,http://www.onisep.fr/http/redirection/metier/identifiant/10383
technicien/ne en automatismes,http://www.onisep.fr/http/redirection/metier/identifiant/10385
ingénieur/e en aéronautique,http://www.onisep.fr/http/redirection/metier/identifiant/10387
technicien/ne d'essais,http://www.onisep.fr/http/redirection/metier/identifiant/10388
astrophysicien/ne,http://www.onisep.fr/http/redirection/metier/identifiant/10389
ingénieur/e en construction navale,http://www.onisep.fr/http/redirection/metier/identifiant/10390
architecte naval/e ,http://www.onisep.fr/http/redirection/metier/identifiant/10391
styliste ,http://www.onisep.fr/http/redirection/metier/identifiant/10392
modéliste,http://www.onisep.fr/http/redirection/metier/identifiant/10393
tailleur/euse et couturier/ère,http://www.onisep.fr/http/redirection/metier/identifiant/10396
cordonnier/ère,http://www.onisep.fr/http/redirection/metier/identifiant/10397
maroquinier/ère,http://www.onisep.fr/http/redirection/metier/identifiant/10399
responsable de scierie,http://www.onisep.fr/http/redirection/metier/identifiant/10400
conducteur/trice opérateur/trice de scierie,http://www.onisep.fr/http/redirection/metier/identifiant/10401
ébéniste,http://www.onisep.fr/http/redirection/metier/identifiant/10402
tapissier/ère d'ameublement ,http://www.onisep.fr/http/redirection/metier/identifiant/10403
agronome,http://www.onisep.fr/http/redirection/metier/identifiant/100224
canalisateur/trice,http://www.onisep.fr/http/redirection/metier/identifiant/100225
éleveur/euse,http://www.onisep.fr/http/redirection/metier/identifiant/100228
viticulteur/trice,http://www.onisep.fr/http/redirection/metier/identifiant/100230
ouvrier/ère forestier/ère,http://www.onisep.fr/http/redirection/metier/identifiant/100231
technicien/ne en engins de travaux publics,http://www.onisep.fr/http/redirection/metier/identifiant/100232
maréchal/e-ferrant/e,http://www.onisep.fr/http/redirection/metier/identifiant/100233
charpentier/ère métallique,http://www.onisep.fr/http/redirection/metier/identifiant/100235
matelot de la marine marchande,http://www.onisep.fr/http/redirection/metier/identifiant/100238
dessinateur/trice en construction mécanique,http://www.onisep.fr/http/redirection/metier/identifiant/100239
cordiste,http://www.onisep.fr/http/redirection/metier/identifiant/100240
ingénieur/e du BTP,http://www.onisep.fr/http/redirection/metier/identifiant/100241
étanchéiste,http://www.onisep.fr/http/redirection/metier/identifiant/100242
chef/fe de chantier,http://www.onisep.fr/http/redirection/metier/identifiant/100243
ingénieur/e électricien/ne,http://www.onisep.fr/http/redirection/metier/identifiant/100246
contrôleur/euse technique automobile,http://www.onisep.fr/http/redirection/metier/identifiant/100247
monteur/euse-câbleur/euse,http://www.onisep.fr/http/redirection/metier/identifiant/100249
ascensoriste,http://www.onisep.fr/http/redirection/metier/identifiant/100251
vendeur/euse-magasinier/ère en fournitures automobiles,http://www.onisep.fr/http/redirection/metier/identifiant/100252
ajusteur/euse-monteur/euse,http://www.onisep.fr/http/redirection/metier/identifiant/100253
installateur/trice en télécoms,http://www.onisep.fr/http/redirection/metier/identifiant/100254
électricien/ne installateur/trice,http://www.onisep.fr/http/redirection/metier/identifiant/100255
chaudronnier/ère,http://www.onisep.fr/http/redirection/metier/identifiant/100256
opérateur/trice et technicien/ne en traitement des matériaux,http://www.onisep.fr/http/redirection/metier/identifiant/100258
façonnier/ère des industries graphiques,http://www.onisep.fr/http/redirection/metier/identifiant/100266
batelier/ère,http://www.onisep.fr/http/redirection/metier/identifiant/100269
chef/fe de rayon,http://www.onisep.fr/http/redirection/metier/identifiant/100270
parfumeur/euse,http://www.onisep.fr/http/redirection/metier/identifiant/100274
attaché/e de recherche clinique,http://www.onisep.fr/http/redirection/metier/identifiant/100277
contrôleur/euse de performances,http://www.onisep.fr/http/redirection/metier/identifiant/100278
régleur/euse,http://www.onisep.fr/http/redirection/metier/identifiant/100279
technicien/ne plasturgiste,http://www.onisep.fr/http/redirection/metier/identifiant/100280
assistant/e commercial/e,http://www.onisep.fr/http/redirection/metier/identifiant/100281
technicien/ne de maintenance industrielle,http://www.onisep.fr/http/redirection/metier/identifiant/100283
télévendeur/euse,http://www.onisep.fr/http/redirection/metier/identifiant/100284
commercial/e export,http://www.onisep.fr/http/redirection/metier/identifiant/100285
manager de risques,http://www.onisep.fr/http/redirection/metier/identifiant/100287
facteur/trice,http://www.onisep.fr/http/redirection/metier/identifiant/100288
secrétaire médical/e,http://www.onisep.fr/http/redirection/metier/identifiant/100289
agent/e de propreté et d'hygiène,http://www.onisep.fr/http/redirection/metier/identifiant/100292
scripte,http://www.onisep.fr/http/redirection/metier/identifiant/100293
danseur/euse,http://www.onisep.fr/http/redirection/metier/identifiant/100294
professeur/e de lycée professionnel,http://www.onisep.fr/http/redirection/metier/identifiant/100297
ingénieur/e environnement,http://www.onisep.fr/http/redirection/metier/identifiant/100298
maître-chien,http://www.onisep.fr/http/redirection/metier/identifiant/100299
directeur/trice d'office de tourisme,http://www.onisep.fr/http/redirection/metier/identifiant/100300
concepteur/trice de jeux vidéo,http://www.onisep.fr/http/redirection/metier/identifiant/100301
technicien/ne en traitement des déchets,http://www.onisep.fr/http/redirection/metier/identifiant/100302
régisseur/euse de spectacles,http://www.onisep.fr/http/redirection/metier/identifiant/100303
administrateur/trice judiciaire ,http://www.onisep.fr/http/redirection/metier/identifiant/100304
arboriculteur/trice,http://www.onisep.fr/http/redirection/metier/identifiant/100307
auxiliaire de vie sociale,http://www.onisep.fr/http/redirection/metier/identifiant/100308
chef/fe de cultures légumières,http://www.onisep.fr/http/redirection/metier/identifiant/100309
animateur/trice nature,http://www.onisep.fr/http/redirection/metier/identifiant/100310
animalier/ère de laboratoire,http://www.onisep.fr/http/redirection/metier/identifiant/100311
dresseur/euse d'animaux,http://www.onisep.fr/http/redirection/metier/identifiant/100312
garde à cheval,http://www.onisep.fr/http/redirection/metier/identifiant/100313
ouvrier/ère agricole,http://www.onisep.fr/http/redirection/metier/identifiant/100314
soigneur/euse animalier/ère,http://www.onisep.fr/http/redirection/metier/identifiant/100316
vendeur/euse-conseil en matériel agricole,http://www.onisep.fr/http/redirection/metier/identifiant/100317
vendeur/euse en animalerie,http://www.onisep.fr/http/redirection/metier/identifiant/100318
aquaculteur/trice,http://www.onisep.fr/http/redirection/metier/identifiant/100319
maraîcher/ère,http://www.onisep.fr/http/redirection/metier/identifiant/100320
agent/e de propreté urbaine,http://www.onisep.fr/http/redirection/metier/identifiant/100321
biologiste en environnement,http://www.onisep.fr/http/redirection/metier/identifiant/100322
employé/e de pressing,http://www.onisep.fr/http/redirection/metier/identifiant/100323
garde (chasse, pêche, littoral, rivière, parcs nationaux),http://www.onisep.fr/http/redirection/metier/identifiant/100324
ouvrier/ère paysagiste,http://www.onisep.fr/http/redirection/metier/identifiant/100325
responsable de la collecte des déchets ménagers,http://www.onisep.fr/http/redirection/metier/identifiant/100326
technicien/ne d'exploitation de l'eau,http://www.onisep.fr/http/redirection/metier/identifiant/100327
constructeur/trice de routes,http://www.onisep.fr/http/redirection/metier/identifiant/100328
dessinateur/trice-projeteur/euse,http://www.onisep.fr/http/redirection/metier/identifiant/100329
domoticien/ne,http://www.onisep.fr/http/redirection/metier/identifiant/100330
façadier/ère,http://www.onisep.fr/http/redirection/metier/identifiant/100331
grutier/ère,http://www.onisep.fr/http/redirection/metier/identifiant/100332
techniverrier/ère,http://www.onisep.fr/http/redirection/metier/identifiant/100333
staffeur/euse-ornemaniste,http://www.onisep.fr/http/redirection/metier/identifiant/100334
auxiliaire spécialisé/e vétérinaire,http://www.onisep.fr/http/redirection/metier/identifiant/100335
conducteur/trice de bus ou d'autocar,http://www.onisep.fr/http/redirection/metier/identifiant/100337
ingénieur/e aromaticien/ne,http://www.onisep.fr/http/redirection/metier/identifiant/100338
bio-informaticien/ne,http://www.onisep.fr/http/redirection/metier/identifiant/100339
chercheur/euse en biologie,http://www.onisep.fr/http/redirection/metier/identifiant/100340
chercheur/euse en chimie,http://www.onisep.fr/http/redirection/metier/identifiant/100341
formulateur/trice,http://www.onisep.fr/http/redirection/metier/identifiant/100342
pilote de ligne automatisée (chimie - agroalimentaire - industrie pharmaceutique),http://www.onisep.fr/http/redirection/metier/identifiant/100343
responsable assurance qualité,http://www.onisep.fr/http/redirection/metier/identifiant/100346
assistant/e en ressources humaines,http://www.onisep.fr/http/redirection/metier/identifiant/100348
assistant/e de gestion en PME,http://www.onisep.fr/http/redirection/metier/identifiant/100349
auditeur/trice interne,http://www.onisep.fr/http/redirection/metier/identifiant/100350
auditeur/trice externe,http://www.onisep.fr/http/redirection/metier/identifiant/100351
chargé/e d'études ressources humaines,http://www.onisep.fr/http/redirection/metier/identifiant/100352
chef/fe comptable,http://www.onisep.fr/http/redirection/metier/identifiant/100353
consultant/e,http://www.onisep.fr/http/redirection/metier/identifiant/100354
credit manager,http://www.onisep.fr/http/redirection/metier/identifiant/100355
juriste d'entreprise,http://www.onisep.fr/http/redirection/metier/identifiant/100356
responsable de la rémunération,http://www.onisep.fr/http/redirection/metier/identifiant/100357
chef/fe de projet informatique,http://www.onisep.fr/http/redirection/metier/identifiant/100358
cogniticien/ne,http://www.onisep.fr/http/redirection/metier/identifiant/100360
expert/e en sécurité informatique,http://www.onisep.fr/http/redirection/metier/identifiant/100361
formateur/trice en informatique,http://www.onisep.fr/http/redirection/metier/identifiant/100362
hot liner,http://www.onisep.fr/http/redirection/metier/identifiant/100363
ingénieur/e technico-commercial/e en informatique,http://www.onisep.fr/http/redirection/metier/identifiant/100364
testeur/euse en informatique,http://www.onisep.fr/http/redirection/metier/identifiant/100365
vendeur/euse en micro-informatique et multimédia,http://www.onisep.fr/http/redirection/metier/identifiant/100366
biostatisticien/ne,http://www.onisep.fr/http/redirection/metier/identifiant/100367
chercheur/euse en physique   ,http://www.onisep.fr/http/redirection/metier/identifiant/100368
ingénieur/e en métrologie,http://www.onisep.fr/http/redirection/metier/identifiant/100369
ingénieur/e nucléaire,http://www.onisep.fr/http/redirection/metier/identifiant/100370
professeur/e de maths ou de physique-chimie,http://www.onisep.fr/http/redirection/metier/identifiant/100371
statisticien/ne,http://www.onisep.fr/http/redirection/metier/identifiant/100372
technicien/ne en métrologie,http://www.onisep.fr/http/redirection/metier/identifiant/100373
technicien/ne nucléaire,http://www.onisep.fr/http/redirection/metier/identifiant/100374
hydraulicien/ne,http://www.onisep.fr/http/redirection/metier/identifiant/100375
ingénieur/e calcul,http://www.onisep.fr/http/redirection/metier/identifiant/100376
optronicien/ne,http://www.onisep.fr/http/redirection/metier/identifiant/100377
aérodynamicien/ne,http://www.onisep.fr/http/redirection/metier/identifiant/100378
décolleteur/euse,http://www.onisep.fr/http/redirection/metier/identifiant/100379
ingénieur/e en automatisme,http://www.onisep.fr/http/redirection/metier/identifiant/100380
informaticien/ne industriel/le,http://www.onisep.fr/http/redirection/metier/identifiant/100381
mécanicien/ne bateaux,http://www.onisep.fr/http/redirection/metier/identifiant/100382
adjoint/e administratif/ve,http://www.onisep.fr/http/redirection/metier/identifiant/100383
attaché/e d'administration,http://www.onisep.fr/http/redirection/metier/identifiant/100385
attaché/e territorial/e,http://www.onisep.fr/http/redirection/metier/identifiant/100386
directeur/trice d'hôpital,http://www.onisep.fr/http/redirection/metier/identifiant/100388
gardien/ne de police municipale,http://www.onisep.fr/http/redirection/metier/identifiant/100389
inspecteur/trice (des douanes, des impôts, du Trésor public, du travail),http://www.onisep.fr/http/redirection/metier/identifiant/100390
matelot/e de la Marine Nationale,http://www.onisep.fr/http/redirection/metier/identifiant/100391
militaire du rang (armée de terre),http://www.onisep.fr/http/redirection/metier/identifiant/100392
militaire technicien/ne de l'air (MTA),http://www.onisep.fr/http/redirection/metier/identifiant/100393
officier/ère de gendarmerie,http://www.onisep.fr/http/redirection/metier/identifiant/100394
professeur/e documentaliste,http://www.onisep.fr/http/redirection/metier/identifiant/100395
rédacteur/trice territorial/e,http://www.onisep.fr/http/redirection/metier/identifiant/100397
secrétaire administratif/ve,http://www.onisep.fr/http/redirection/metier/identifiant/100398
secrétaire des Affaires étrangères,http://www.onisep.fr/http/redirection/metier/identifiant/100399
technicien/ne de police technique et scientifique,http://www.onisep.fr/http/redirection/metier/identifiant/100400
agent/e de développement des énergies renouvelables,http://www.onisep.fr/http/redirection/metier/identifiant/100401
chef/fe de projet éolien,http://www.onisep.fr/http/redirection/metier/identifiant/100402
conseiller/ère espace info-énergie,http://www.onisep.fr/http/redirection/metier/identifiant/100403
économe de flux,http://www.onisep.fr/http/redirection/metier/identifiant/100404
géothermicien/ne,http://www.onisep.fr/http/redirection/metier/identifiant/100405
ingénieur/e en énergie solaire,http://www.onisep.fr/http/redirection/metier/identifiant/100406
ingénieur/e en génie climatique,http://www.onisep.fr/http/redirection/metier/identifiant/100407
ingénieur/e en R et D en énergies renouvelables,http://www.onisep.fr/http/redirection/metier/identifiant/100408
ingénieur/e gaz,http://www.onisep.fr/http/redirection/metier/identifiant/100409
ingénieur/e pétrolier/ère,http://www.onisep.fr/http/redirection/metier/identifiant/100410
opérateur/trice de raffinerie,http://www.onisep.fr/http/redirection/metier/identifiant/100411
technicien/ne d'intervention clientèle gaz,http://www.onisep.fr/http/redirection/metier/identifiant/100412
technicien/ne pétrolier/ère,http://www.onisep.fr/http/redirection/metier/identifiant/100413
agent/e de sûreté ferroviaire,http://www.onisep.fr/http/redirection/metier/identifiant/100414
commercial/e à bord des trains,http://www.onisep.fr/http/redirection/metier/identifiant/100415
agent/e des méthodes,http://www.onisep.fr/http/redirection/metier/identifiant/100416
conducteur/trice de métro,http://www.onisep.fr/http/redirection/metier/identifiant/100417
animateur/trice 2D et 3D,http://www.onisep.fr/http/redirection/metier/identifiant/100418
animateur/trice du patrimoine,http://www.onisep.fr/http/redirection/metier/identifiant/100419
artiste de cirque,http://www.onisep.fr/http/redirection/metier/identifiant/100420
conservateur/trice du patrimoine,http://www.onisep.fr/http/redirection/metier/identifiant/100421
costumier/ère,http://www.onisep.fr/http/redirection/metier/identifiant/100422
dessinateur/trice de BD,http://www.onisep.fr/http/redirection/metier/identifiant/100423
éclairagiste,http://www.onisep.fr/http/redirection/metier/identifiant/100425
étalagiste,http://www.onisep.fr/http/redirection/metier/identifiant/100426
illustrateur/trice,http://www.onisep.fr/http/redirection/metier/identifiant/100427
machiniste constructeur ou plateau,http://www.onisep.fr/http/redirection/metier/identifiant/100428
responsable de projets culturels,http://www.onisep.fr/http/redirection/metier/identifiant/100429
bottier/ère,http://www.onisep.fr/http/redirection/metier/identifiant/100430
brodeur/euse,http://www.onisep.fr/http/redirection/metier/identifiant/100431
bronzier/ère,http://www.onisep.fr/http/redirection/metier/identifiant/100432
céramiste,http://www.onisep.fr/http/redirection/metier/identifiant/100433
encadreur/euse,http://www.onisep.fr/http/redirection/metier/identifiant/100434
ferronnier/ère d'art,http://www.onisep.fr/http/redirection/metier/identifiant/100435
modiste,http://www.onisep.fr/http/redirection/metier/identifiant/100436
orfèvre,http://www.onisep.fr/http/redirection/metier/identifiant/100437
relieur/euse-doreur/euse,http://www.onisep.fr/http/redirection/metier/identifiant/100438
sellier/ère,http://www.onisep.fr/http/redirection/metier/identifiant/100439
vitrailliste,http://www.onisep.fr/http/redirection/metier/identifiant/100440
administrateur/trice de mission humanitaire,http://www.onisep.fr/http/redirection/metier/identifiant/100441
agent/e de développement local,http://www.onisep.fr/http/redirection/metier/identifiant/100442
assistant/e maternel/le,http://www.onisep.fr/http/redirection/metier/identifiant/100443
chef/fe de mission humanitaire,http://www.onisep.fr/http/redirection/metier/identifiant/100444
chef/fe de projet territorial,http://www.onisep.fr/http/redirection/metier/identifiant/100445
collecteur/trice de fonds,http://www.onisep.fr/http/redirection/metier/identifiant/100446
conseiller/ère en insertion sociale et professionnelle,http://www.onisep.fr/http/redirection/metier/identifiant/100447
développeur/euse économique,http://www.onisep.fr/http/redirection/metier/identifiant/100448
développeur/euse rural/e humanitaire,http://www.onisep.fr/http/redirection/metier/identifiant/100449
éducateur/trice de la protection judiciaire de la jeunesse,http://www.onisep.fr/http/redirection/metier/identifiant/100450
enseignant/e humanitaire,http://www.onisep.fr/http/redirection/metier/identifiant/100451
infirmier/ère humanitaire,http://www.onisep.fr/http/redirection/metier/identifiant/100452
médecin humanitaire,http://www.onisep.fr/http/redirection/metier/identifiant/100453
ostéopathe,http://www.onisep.fr/http/redirection/metier/identifiant/100454
ingénieur/e textile,http://www.onisep.fr/http/redirection/metier/identifiant/100455
technicien/ne céramiste,http://www.onisep.fr/http/redirection/metier/identifiant/100456
conseiller/ère sportif/ve en salle de remise en forme,http://www.onisep.fr/http/redirection/metier/identifiant/100457
entraîneur/euse sportif/ve ,http://www.onisep.fr/http/redirection/metier/identifiant/100458
moniteur/trice d'équitation,http://www.onisep.fr/http/redirection/metier/identifiant/100459
courtier/ère,http://www.onisep.fr/http/redirection/metier/identifiant/100461
expert/e immobilier/ère,http://www.onisep.fr/http/redirection/metier/identifiant/100462
inspecteur/trice de banque,http://www.onisep.fr/http/redirection/metier/identifiant/100463
salesman,http://www.onisep.fr/http/redirection/metier/identifiant/100464
souscripteur/trice,http://www.onisep.fr/http/redirection/metier/identifiant/100465
conseiller/ère en fusion-acquisition,http://www.onisep.fr/http/redirection/metier/identifiant/100466
agent/e de sécurité,http://www.onisep.fr/http/redirection/metier/identifiant/100467
clerc d'huissier,http://www.onisep.fr/http/redirection/metier/identifiant/100468
conseiller/ère d'insertion et de probation,http://www.onisep.fr/http/redirection/metier/identifiant/100469
convoyeur/euse de fonds,http://www.onisep.fr/http/redirection/metier/identifiant/100470
directeur/trice de centre pénitentiaire,http://www.onisep.fr/http/redirection/metier/identifiant/100471
enquêteur/trice privé,http://www.onisep.fr/http/redirection/metier/identifiant/100472
mandataire judiciaire,http://www.onisep.fr/http/redirection/metier/identifiant/100473
secrétaire juridique,http://www.onisep.fr/http/redirection/metier/identifiant/100474
substitut/e du procureur,http://www.onisep.fr/http/redirection/metier/identifiant/100475
surveillant/e de centre pénitentiaire,http://www.onisep.fr/http/redirection/metier/identifiant/100476
animateur/trice de radio et de télévision,http://www.onisep.fr/http/redirection/metier/identifiant/100477
chargé/e de communication interne,http://www.onisep.fr/http/redirection/metier/identifiant/100478
chargé/e des relations publiques,http://www.onisep.fr/http/redirection/metier/identifiant/100479
iconographe,http://www.onisep.fr/http/redirection/metier/identifiant/100480
secrétaire d'édition,http://www.onisep.fr/http/redirection/metier/identifiant/100481
veilleur/euse stratégique,http://www.onisep.fr/http/redirection/metier/identifiant/100482
géomaticien/ne,http://www.onisep.fr/http/redirection/metier/identifiant/100484
linguiste,http://www.onisep.fr/http/redirection/metier/identifiant/100485
chargé/e de production,http://www.onisep.fr/http/redirection/metier/identifiant/100486
chef/fe de projet multimédia,http://www.onisep.fr/http/redirection/metier/identifiant/100487
intégrateur/trice web,http://www.onisep.fr/http/redirection/metier/identifiant/100488
mixeur/euse son,http://www.onisep.fr/http/redirection/metier/identifiant/100489
webdesigner,http://www.onisep.fr/http/redirection/metier/identifiant/100490
régisseur/euse général/e cinéma,http://www.onisep.fr/http/redirection/metier/identifiant/100491
technicien/ne paysagiste,http://www.onisep.fr/http/redirection/metier/identifiant/100494
accessoiriste,http://www.onisep.fr/http/redirection/metier/identifiant/100495
conseiller/ère en séjour,http://www.onisep.fr/http/redirection/metier/identifiant/100497
apiculteur/trice,http://www.onisep.fr/http/redirection/metier/identifiant/100498
auteur/e-compositeur/trice interprète,http://www.onisep.fr/http/redirection/metier/identifiant/100499
agent/e hydrothermal/e,http://www.onisep.fr/http/redirection/metier/identifiant/100502
assistant/e dentaire,http://www.onisep.fr/http/redirection/metier/identifiant/100503
chef/fe de projet démantèlement nucléaire,http://www.onisep.fr/http/redirection/metier/identifiant/100504
élagueur/euse,http://www.onisep.fr/http/redirection/metier/identifiant/100505
géotechnicien/ne,http://www.onisep.fr/http/redirection/metier/identifiant/100506
gestionnaire de patrimoine,http://www.onisep.fr/http/redirection/metier/identifiant/100507
administrateur/trice de spectacle,http://www.onisep.fr/http/redirection/metier/identifiant/100508
conseiller/ère en voyages,http://www.onisep.fr/http/redirection/metier/identifiant/100509
médiateur/trice familial/e,http://www.onisep.fr/http/redirection/metier/identifiant/100510
agent/e artistique,http://www.onisep.fr/http/redirection/metier/identifiant/100511
correcteur/trice,http://www.onisep.fr/http/redirection/metier/identifiant/100512
directeur/trice de création,http://www.onisep.fr/http/redirection/metier/identifiant/100513
tonnelier/ère,http://www.onisep.fr/http/redirection/metier/identifiant/100514
anesthésiste-réanimateur/trice,http://www.onisep.fr/http/redirection/metier/identifiant/100519
chargé/e de pharmacovigilance,http://www.onisep.fr/http/redirection/metier/identifiant/100520
chirurgien/ne,http://www.onisep.fr/http/redirection/metier/identifiant/100521
juge des enfants,http://www.onisep.fr/http/redirection/metier/identifiant/100522
juge d'instance,http://www.onisep.fr/http/redirection/metier/identifiant/100523
juge d'instruction,http://www.onisep.fr/http/redirection/metier/identifiant/100524
juriste droit de l'environnement,http://www.onisep.fr/http/redirection/metier/identifiant/100525
juriste en droit social,http://www.onisep.fr/http/redirection/metier/identifiant/100526
juriste en propriété intellectuelle,http://www.onisep.fr/http/redirection/metier/identifiant/100527
rédacteur/trice on line,http://www.onisep.fr/http/redirection/metier/identifiant/100528
entraîneur/euse de chevaux,http://www.onisep.fr/http/redirection/metier/identifiant/100529
pédiatre,http://www.onisep.fr/http/redirection/metier/identifiant/100530
éducateur/trice technique spécialisé/e,http://www.onisep.fr/http/redirection/metier/identifiant/100531
fiscaliste,http://www.onisep.fr/http/redirection/metier/identifiant/100532
directeur/trice d'accueil collectif de mineurs (ACM),http://www.onisep.fr/http/redirection/metier/identifiant/100534
animateur/trice d'activités physiques et sportives pour tous,http://www.onisep.fr/http/redirection/metier/identifiant/100535
chargé/e de projet événementiel,http://www.onisep.fr/http/redirection/metier/identifiant/100536
agent/e de développement touristique,http://www.onisep.fr/http/redirection/metier/identifiant/100537
ingénieur/e électronicien/ne des systèmes de la sécurité aérienne (IESSA),http://www.onisep.fr/http/redirection/metier/identifiant/100538
géochimiste,http://www.onisep.fr/http/redirection/metier/identifiant/100539
géologue minier/ère,http://www.onisep.fr/http/redirection/metier/identifiant/100540
hydrogéologue,http://www.onisep.fr/http/redirection/metier/identifiant/100541
ingénieur/e brevets,http://www.onisep.fr/http/redirection/metier/identifiant/100542
ingénieur/e maintenance aéronautique,http://www.onisep.fr/http/redirection/metier/identifiant/100543
ingénieur/e en construction automobile,http://www.onisep.fr/http/redirection/metier/identifiant/100544
ingénieur/e essais,http://www.onisep.fr/http/redirection/metier/identifiant/100545
ingénieur/e méthodes mécaniques,http://www.onisep.fr/http/redirection/metier/identifiant/100546
ingénieur/e production en mécanique,http://www.onisep.fr/http/redirection/metier/identifiant/100547
chef/fe de projet sites et sols pollués,http://www.onisep.fr/http/redirection/metier/identifiant/100548
expert/e bilan carbone,http://www.onisep.fr/http/redirection/metier/identifiant/100549
 ingénieur/e écoconcepteur/trice,http://www.onisep.fr/http/redirection/metier/identifiant/100550
chef/fe de projet biodiversité,http://www.onisep.fr/http/redirection/metier/identifiant/100551
ingénieur/e environnement et risques industriels,http://www.onisep.fr/http/redirection/metier/identifiant/100552
ingénieur/e efficacité énergétique du bâtiment,http://www.onisep.fr/http/redirection/metier/identifiant/100553
chargé/e de référencement web,http://www.onisep.fr/http/redirection/metier/identifiant/100554
consultant/e green IT,http://www.onisep.fr/http/redirection/metier/identifiant/100555
ingénieur/e études et développement en logiciels de simulation,http://www.onisep.fr/http/redirection/metier/identifiant/100556
ingénieur/e structures,http://www.onisep.fr/http/redirection/metier/identifiant/100557
ingénieur/e analogicien/ne,http://www.onisep.fr/http/redirection/metier/identifiant/100558
ingénieur/e en électronique numérique,http://www.onisep.fr/http/redirection/metier/identifiant/100559
ingénieur/e systèmes embarqués,http://www.onisep.fr/http/redirection/metier/identifiant/100560
responsable du soutien logistique intégré,http://www.onisep.fr/http/redirection/metier/identifiant/100561
pédologue,http://www.onisep.fr/http/redirection/metier/identifiant/100562
ingénieur/e production dans les biotechnologies,http://www.onisep.fr/http/redirection/metier/identifiant/100563
responsable de laboratoire de contrôle en biologie,http://www.onisep.fr/http/redirection/metier/identifiant/100564
ingénieur/e procédés en chimie,http://www.onisep.fr/http/redirection/metier/identifiant/100565
spécialiste des affaires réglementaires en chimie,http://www.onisep.fr/http/redirection/metier/identifiant/100566
mécatronicien/ne,http://www.onisep.fr/http/redirection/metier/identifiant/100567
ingénieur/e radioprotection,http://www.onisep.fr/http/redirection/metier/identifiant/100568
développeur/euse d'applications mobiles,http://www.onisep.fr/http/redirection/metier/identifiant/100569
ingénieur/e chimiste en développement analytique,http://www.onisep.fr/http/redirection/metier/identifiant/100570
ingénieur/e concepteur/trice en mécanique,http://www.onisep.fr/http/redirection/metier/identifiant/100571
chargé/e d'études en valorisation agricole des déchets,http://www.onisep.fr/http/redirection/metier/identifiant/100572
ingénieur/e en production et expérimentations végétales,http://www.onisep.fr/http/redirection/metier/identifiant/100573
ingénieur/e technico-commerciale en électronique,http://www.onisep.fr/http/redirection/metier/identifiant/100574
chargé/e d'affaires en génie mécanique,http://www.onisep.fr/http/redirection/metier/identifiant/100575
chercheur/euse en biologie du sport,http://www.onisep.fr/http/redirection/metier/identifiant/100576
ingénieur/e hydroécologue,http://www.onisep.fr/http/redirection/metier/identifiant/100577
climatologue,http://www.onisep.fr/http/redirection/metier/identifiant/100579
ingénieur/e réservoir,http://www.onisep.fr/http/redirection/metier/identifiant/100580
géologue modélisateur/trice,http://www.onisep.fr/http/redirection/metier/identifiant/100581
ingénieur/e forage,http://www.onisep.fr/http/redirection/metier/identifiant/100582
ingénieur/e process aval,http://www.onisep.fr/http/redirection/metier/identifiant/100583
ingénieur/e hydrogéomorphologue,http://www.onisep.fr/http/redirection/metier/identifiant/100584
ingénieur/e analyste de l'air,http://www.onisep.fr/http/redirection/metier/identifiant/100585
chef/fe de station de traitement des eaux,http://www.onisep.fr/http/redirection/metier/identifiant/100586
chef/fe d'exploitation d'usine d'incinération,http://www.onisep.fr/http/redirection/metier/identifiant/100587
responsable de réseau eau potable,http://www.onisep.fr/http/redirection/metier/identifiant/100588
responsable de site de traitement des déchets,http://www.onisep.fr/http/redirection/metier/identifiant/100589
responsable de réseau d'assainissement,http://www.onisep.fr/http/redirection/metier/identifiant/100590
animateur/trice de bassin versant,http://www.onisep.fr/http/redirection/metier/identifiant/100591
chargé/e d'affaires en génie climatique,http://www.onisep.fr/http/redirection/metier/identifiant/100592
chargé/e de recherche et développement déchets,http://www.onisep.fr/http/redirection/metier/identifiant/100593
ingénieur/e fluides, énergies, réseaux, environnement,http://www.onisep.fr/http/redirection/metier/identifiant/100594
rudologue,http://www.onisep.fr/http/redirection/metier/identifiant/100595
responsable de fabrication en agroalimentaire,http://www.onisep.fr/http/redirection/metier/identifiant/100596
ingénieur/e métallurgiste,http://www.onisep.fr/http/redirection/metier/identifiant/100597
concepteur/trice de niveaux de jeu web,http://www.onisep.fr/http/redirection/metier/identifiant/100598
designer d'interaction,http://www.onisep.fr/http/redirection/metier/identifiant/100599
chargé/e des méthodes outils et qualité en informatique,http://www.onisep.fr/http/redirection/metier/identifiant/100600
gestionnaire de contrats informatiques,http://www.onisep.fr/http/redirection/metier/identifiant/100601
neurobiologiste,http://www.onisep.fr/http/redirection/metier/identifiant/100602
paléontologue,http://www.onisep.fr/http/redirection/metier/identifiant/100603
responsable de plate-forme biotechnologique,http://www.onisep.fr/http/redirection/metier/identifiant/100604
consultant/e en validation,http://www.onisep.fr/http/redirection/metier/identifiant/100605
ingénieur/e technico-commercial en chimie,http://www.onisep.fr/http/redirection/metier/identifiant/100606
coordonnateur/trice d'études cliniques,http://www.onisep.fr/http/redirection/metier/identifiant/100607
responsable biométrie,http://www.onisep.fr/http/redirection/metier/identifiant/100608
halieute,http://www.onisep.fr/http/redirection/metier/identifiant/100609
designer sonore,http://www.onisep.fr/http/redirection/metier/identifiant/100610
ingénieur/e cloud computing,http://www.onisep.fr/http/redirection/metier/identifiant/100611
chargé/e de recherche en acoustique musicale,http://www.onisep.fr/http/redirection/metier/identifiant/100612
bactériologiste,http://www.onisep.fr/http/redirection/metier/identifiant/100613
administrateur/trice de logiciels de laboratoire,http://www.onisep.fr/http/redirection/metier/identifiant/100614
anatomiste,http://www.onisep.fr/http/redirection/metier/identifiant/100615
biologiste médical/e,http://www.onisep.fr/http/redirection/metier/identifiant/100616
chargé/e de veille législative et réglementaire,http://www.onisep.fr/http/redirection/metier/identifiant/100617
conseiller/ère en génétique,http://www.onisep.fr/http/redirection/metier/identifiant/100618
chargé/e d'études naturalistes,http://www.onisep.fr/http/redirection/metier/identifiant/100619
architecte produit industriel,http://www.onisep.fr/http/redirection/metier/identifiant/100620
architecte web,http://www.onisep.fr/http/redirection/metier/identifiant/100621
gestionnaire de données cliniques,http://www.onisep.fr/http/redirection/metier/identifiant/100622
généticien/ne,http://www.onisep.fr/http/redirection/metier/identifiant/100623
microbiologiste,http://www.onisep.fr/http/redirection/metier/identifiant/100624
histologiste,http://www.onisep.fr/http/redirection/metier/identifiant/100625
ingénieur/e biomédical/e,http://www.onisep.fr/http/redirection/metier/identifiant/100626
ingénieur/e d'application,http://www.onisep.fr/http/redirection/metier/identifiant/100627
hydrologue,http://www.onisep.fr/http/redirection/metier/identifiant/100628
volcanologue,http://www.onisep.fr/http/redirection/metier/identifiant/100629
ingénieur/e de la police technique et scientifique,http://www.onisep.fr/http/redirection/metier/identifiant/100630
consultant/e en solutions intégrées,http://www.onisep.fr/http/redirection/metier/identifiant/100631
responsable des ouvrages hydroélectriques,http://www.onisep.fr/http/redirection/metier/identifiant/100632
ingénieur/e de recherche clinique et épidémiologique,http://www.onisep.fr/http/redirection/metier/identifiant/100633
rédacteur/trice médical/e,http://www.onisep.fr/http/redirection/metier/identifiant/100634
glaciologue,http://www.onisep.fr/http/redirection/metier/identifiant/100635
programmiste,http://www.onisep.fr/http/redirection/metier/identifiant/100636
ingénieur/e combustion et brûleurs,http://www.onisep.fr/http/redirection/metier/identifiant/100637
yield manager,http://www.onisep.fr/http/redirection/metier/identifiant/100638
chef/fe de produit technique en informatique,http://www.onisep.fr/http/redirection/metier/identifiant/100639
consultant/e informatique,http://www.onisep.fr/http/redirection/metier/identifiant/100640
ingénieur/e support,http://www.onisep.fr/http/redirection/metier/identifiant/100641
responsable e-CRM,http://www.onisep.fr/http/redirection/metier/identifiant/100642
spécialiste de l'accessibilité numérique,http://www.onisep.fr/http/redirection/metier/identifiant/100643
traffic manager,http://www.onisep.fr/http/redirection/metier/identifiant/100644
chef/fe de projet web/mobile,http://www.onisep.fr/http/redirection/metier/identifiant/100645
ingénieur/e mathématicien/ne,http://www.onisep.fr/http/redirection/metier/identifiant/100646
consultant/e en conduite de changement,http://www.onisep.fr/http/redirection/metier/identifiant/100647
médiateur/trice scientifique,http://www.onisep.fr/http/redirection/metier/identifiant/100648
responsable de laboratoire de recherche,http://www.onisep.fr/http/redirection/metier/identifiant/100649
traducteur/trice technique,http://www.onisep.fr/http/redirection/metier/identifiant/100650
responsable achats en chimie,http://www.onisep.fr/http/redirection/metier/identifiant/100651
responsable de laboratoire de contrôle en chimie,http://www.onisep.fr/http/redirection/metier/identifiant/100652
ingénieur/e en acoustique,http://www.onisep.fr/http/redirection/metier/identifiant/100653
ingénieur/e d'études en sûreté nucléaire,http://www.onisep.fr/http/redirection/metier/identifiant/100654
responsable des produits structurés actions,http://www.onisep.fr/http/redirection/metier/identifiant/100655
statisticien/ne en analyse sensorielle,http://www.onisep.fr/http/redirection/metier/identifiant/100656
statisticien/ne en géomarketing,http://www.onisep.fr/http/redirection/metier/identifiant/100657
statisticien/ne industriel/le,http://www.onisep.fr/http/redirection/metier/identifiant/100658
ingénieur/e traitement de l'image,http://www.onisep.fr/http/redirection/metier/identifiant/100659
data manager,http://www.onisep.fr/http/redirection/metier/identifiant/100660
prototypiste en matériaux souples,http://www.onisep.fr/http/redirection/metier/identifiant/100661
roboticien/ne,http://www.onisep.fr/http/redirection/metier/identifiant/100662
web-ergonome,http://www.onisep.fr/http/redirection/metier/identifiant/100663
cryptologue,http://www.onisep.fr/http/redirection/metier/identifiant/100664
gestionnaire actif/passif,http://www.onisep.fr/http/redirection/metier/identifiant/100665
chargé/e de valorisation de la recherche,http://www.onisep.fr/http/redirection/metier/identifiant/100666
consultant/e en management de l'innovation,http://www.onisep.fr/http/redirection/metier/identifiant/100667
ingénieur/e en caractérisation des matériaux,http://www.onisep.fr/http/redirection/metier/identifiant/100668
architecte des systèmes d'information,http://www.onisep.fr/http/redirection/metier/identifiant/100669
ingénieur/e en imagerie médicale,http://www.onisep.fr/http/redirection/metier/identifiant/100670
économètre statisticien/ne,http://www.onisep.fr/http/redirection/metier/identifiant/100671
ingénieur/e frigoriste,http://www.onisep.fr/http/redirection/metier/identifiant/100672
ingénieur/e production en aéronautique,http://www.onisep.fr/http/redirection/metier/identifiant/100673
ingénieur/e en fonderie,http://www.onisep.fr/http/redirection/metier/identifiant/100674
ingénieur/e logiciel,http://www.onisep.fr/http/redirection/metier/identifiant/100675
consultant/e en informatique décisionnelle,http://www.onisep.fr/http/redirection/metier/identifiant/100676
consultant/e en systèmes d'information,http://www.onisep.fr/http/redirection/metier/identifiant/100677
consultant/e SaaS,http://www.onisep.fr/http/redirection/metier/identifiant/100678
ingénieur/e d'affaires en génie électrique,http://www.onisep.fr/http/redirection/metier/identifiant/100679
ingénieur/e intégration satellite,http://www.onisep.fr/http/redirection/metier/identifiant/100680
auditeur/trice qualité,http://www.onisep.fr/http/redirection/metier/identifiant/100681
ingénieur/e matériaux,http://www.onisep.fr/http/redirection/metier/identifiant/100682
responsable de fabrication en chimie,http://www.onisep.fr/http/redirection/metier/identifiant/100683
ingénieur/e de maintenance industrielle,http://www.onisep.fr/http/redirection/metier/identifiant/100684
ingénieur/e qualité moteur,http://www.onisep.fr/http/redirection/metier/identifiant/100685
responsable approvisionnement,http://www.onisep.fr/http/redirection/metier/identifiant/100686
inséminateur/trice,http://www.onisep.fr/http/redirection/metier/identifiant/100687
maquilleur/euse artistique,http://www.onisep.fr/http/redirection/metier/identifiant/100688
pisteur/euse secouriste,http://www.onisep.fr/http/redirection/metier/identifiant/100689
électromécanicien/ne en remontées mécaniques,http://www.onisep.fr/http/redirection/metier/identifiant/100690
chef/fe d'exploitation des remontées mécaniques,http://www.onisep.fr/http/redirection/metier/identifiant/100691
médecin de secours en montagne,http://www.onisep.fr/http/redirection/metier/identifiant/100692
technicien/ne réalisateur/trice radio,http://www.onisep.fr/http/redirection/metier/identifiant/100693
pilote d'hélicoptère,http://www.onisep.fr/http/redirection/metier/identifiant/100694
régisseur/euse lumière,http://www.onisep.fr/http/redirection/metier/identifiant/100695
critique d'art,http://www.onisep.fr/http/redirection/metier/identifiant/100696
écrivain/e,http://www.onisep.fr/http/redirection/metier/identifiant/100697
directeur/trice de golf,http://www.onisep.fr/http/redirection/metier/identifiant/100698
responsable de production alimentaire,http://www.onisep.fr/http/redirection/metier/identifiant/100699
metteur/euse en scène,http://www.onisep.fr/http/redirection/metier/identifiant/100700
expert/e en assurances,http://www.onisep.fr/http/redirection/metier/identifiant/100701
conseiller/ère en assurances,http://www.onisep.fr/http/redirection/metier/identifiant/100702
